"0",""
"0","cf3 <- coef(ModelE)"
"0",""
"0","sat <- sat |> mutate(res=ModelE$residuals)"
"0",""
"0","sat <- sat |> mutate(pr_hsize = res + hsize*cf3[2])"
"0",""
"0","sat |>"
"0","  ggplot(aes(x=sat, y=pr_hsize)) +"
"0","  geom_point() +"
"0","  geom_smooth(se=FALSE, color=""tomato"") +"
"0","  geom_smooth(method =""lm"", se=FALSE, color=""black"", linewidth=.5) +"
"0","  labs(x=""SAT Score"", y=""Partial Residual"", title = ""Partial Residual Plot"") +"
"0","  theme_minimal() +"
"0","  theme(plot.title = element_text(hjust=0.5))"
"0",""
