"0",""
"0","ModelE <- lm(sat ~ hsize + female + white + athlete, data=sat)"
"0",""
"0","texreg(list(ModelE),"
"0","       stars = c(0.05, 0.01),"
"0","       caption = ""Effect of Graduating Class on SAT Score"","
"0","       caption.above = TRUE,"
"0","       digits=2,"
"0","       include.ci=FALSE,"
"0","       include.rsquared=FALSE,"
"0","       include.rmse=FALSE,"
"0","       include.f=FALSE,"
"0","       custom.model.names = c(""Multiple Reg.""),"
"0","       custom.coef.names = c(""Intercept"", ""Graduating Class"", ""Female"", ""White"", ""Athlete""),"
"0","       float.pos = ""H"""
"0",")"
"2","Error in texreg(list(ModelE), stars = c(0.05, 0.01), caption = ""Effect of Graduating Class on SAT Score"",  : 
  could not find function ""texreg""
"
